FORMAT NO,REVISION NO,FORMAT NAME
KFC/QA/F/01,R1,MASTER LIST OF INSTRUMENTS
KFC/QA/F/02,R1,INWARD INSPECTION REPORT
KFC/QA/F/03,R1,FINAL INSPECTION REPORT
KFC/QA/F/04,R1,STAGE INSPECTION REPORT
KFC/QA/F/05,R1,INSTRUMENT HISTORY CARD
KFC/QA/F/06,R1,NON CONFORMITY REPORT
KFC/QA/F/07,R1,REWORK NOTE
KFC/QA/F/08,R1,SCRAP DISPOSAL FORM
KFC/QA/F/09,R1,NCR REGISTER
KFC/QA/F/10,R1,CUSTOMER COMPLIANT REGISTER
KFC/QA/F/11,R1,SCRAP DISPOSAL REGISTER
KFC/QA/F/12,R1,FIR REGISTER
KFC/QA/F/13,R1,ACCEPTED TAG
KFC/QA/F/14,R1,REWORK TAG
KFC/QA/F/15,R1,ID TAG
KFC/QA/F/16,R1,REJECTION TAG
KFC/PD/F/08,R1,PRODUCTION LOG SHEET
KFC/BD/F/01,R1,BUSSINESS DEVELOPMENT
KFC/EN/F/01,R1,MASTER LIST OF DRAWINGS (ENGG)
KFC/EN/F/02,R1,MASTER LIST OF JIGS & FIXTURES
KFC/EN/F/03,R1,ROUTE CARD
KFC/MT/F/01,R1,BREAK DOWN RECORD
KFC/MT/F/02,R1,GENERATOR CHECK LIST
KFC/MT/F/03,R1,MACHINE LIST
KFC/MT/F/04,R1,MACHINE DAILY CHECK LIST
KFC/MT/F/05,R1,PREVENTIVE MAINTENANCE CHECKLIST
KFC/MT/F/06,R1,WORK INSTRUCTION