Drawing #,Description
5C233017/1,DOFFER TOUGE
5C123015/1,TOP PLATE SFD
5C113071/1,TOP COVER FRONT
5C105503/0,WASTE CONTROL PROFILE
5C105503/0,WASTE CONTROL PROFILE
5C113075/1,TOP COVER REAR
5C233009/0,COVER PLATE DOFFER UNDER COVER
5C207011/0,SUCTION DUCT TOP
5C123035/4,BOTTOM PLATE
5C123013/1,BOTTOM PLATE
5C123013/2,BOTTOM PLATE
5C123133/1,BOTTOM PLATE
5C105027/0,TOP COVER FRONT
5C105027/1,TOP COVER FRONT
5C113037/6,BOTTOM COVER FIRST LICKER
5C113037/6,BOTTOM COVER SECONND LICKER
5C203037/1,TOP PLATE
5C205015/0,TOP PLATE SFD
5C245003/0,BRUSH ROLLER COVER
5C205027/2,TONGUE
5C205023/0,UNDER CASTING REAR
5C205021/0,UNDER CASTING MIDDLE
5C123013/5,TOP PLATE SFD
5C125017/2,SUCTION DUCT
5C105509/0,TOP PLATE SFD
5C103041/2,COVER PLATE
5C103041/3,COVER PLATE
5C103041/5,COVER PLATE
5C107503/0,KNIFE PROFILE